{"name":"Wolfenstein: Youngblood","id":"CUSA13094","version":"01.00","process":"eboot.bin","mods":[{"name":"Enemy Armour Easy To Destroy","type":"checkbox","memory":[{"offset":"E46EEF","on":"E96702000090","off":"0F8366020000"}]},{"name":"Easy Kill Enemy","type":"checkbox","memory":[{"offset":"E470C2","on":"C5F82EC0","off":"C5F82EC8"}]},{"name":"God Mode","type":"checkbox","memory":[{"offset":"EACCE0","on":"C3","off":"55"}]},{"name":"Infinite Ammo","type":"checkbox","memory":[{"offset":"011D76C7","on":"0F94C3","off":"0F95C3"}]},{"name":"Max Skill Point","type":"checkbox","memory":[{"offset":"03614E10","on":"488B0F89F0C74118E7030000E94B3025FD","off":"0000000000000000000000000000000000"},{"offset":"867E67","on":"E9A4CFDA02","off":"488B0F89F0"}]},{"name":"Max Silver Coins","type":"checkbox","memory":[{"offset":"03614E23","on":"B8FFE0F5058987D01B0000E95361D5FC","off":"00000000000000000000000000000000"},{"offset":"36AF80","on":"E99E9E2A0390","off":"8B87D01B0000"}]},{"name":"Undetected By Enemy","type":"checkbox","memory":[{"offset":"7FB39E","on":"C5FA5DC190909090","off":"C5FA5D05B6FF1802"}]},{"name":"Infinite Cloack","type":"checkbox","memory":[{"offset":"03614E33","on":"41C78424D42400000000803FE907AEAEFD","off":"0000000000000000000000000000000000"},{"offset":"010FFC41","on":"E9ED5151029090909090","off":"C4C17A118424D4240000"}]},{"name":"Infinite Share Lives","type":"checkbox","memory":[{"offset":"03614F49","on":"66C7800008000003008B8000080000E9BD17ABFD","off":"0000000000000000000000000000000000000000"},{"offset":"010C6714","on":"E930E8540290","off":"8B8000080000"}]},{"name":"Instant Level Up When Get XP","type":"checkbox","memory":[{"offset":"03614E54","on":"4863CE83F96D7408891488E9ECBC33FD81C2A8610000891488E9DEBC33FD","off":"000000000000000000000000000000000000000000000000000000000000"},{"offset":"950B4A","on":"E90543CC0290","off":"4863CE891488"}]},{"name":"Level 30 [Don't Lock]","type":"checkbox","memory":[{"offset":"03614E72","on":"4863C683FE6D74088B0481E953BD33FDC781B4010000A0050800E944BD33FD","off":"00000000000000000000000000000000000000000000000000000000000000"},{"offset":"950BCF","on":"E99E42CC0290","off":"4863C68B0481"}]},{"name":"Multi Jump","type":"checkbox","memory":[{"offset":"513B93","on":"E99102000090","off":"0F8490020000"}]},{"name":"Gravity ( ON )","type":"checkbox","memory":[{"offset":"03614F02","on":"C5FA10ABFC120000C783FC120000CDCC4CBFE980B3EFFC","off":"0000000000000000000000000000000000000000000000"},{"offset":"510291","on":"E96C4C1003909090","off":"C5FA10ABFC120000"}]},{"name":"Gravity ( OFF )","type":"checkbox","memory":[{"offset":"03614F32","on":"C5FA10ABFC120000C783FC120000000080C1E950B3EFFC","off":"0000000000000000000000000000000000000000000000"},{"offset":"510291","on":"E99C4C1003909090","off":"C5FA10ABFC120000"}]}],"credits":["Gatot Kaca And k0s0ng"]}