{"name":"ONE PUNCH MAN: A HERO NOBODY KNOWS","id":"CUSA16264","version":"1.00","process":"eboot.bin","mods":[{"name":"time freeze","type":"checkbox","memory":[{"offset":"4C7758","on":"9090909090","off":"C5FA114350"}]},{"name":"god mode","type":"checkbox","memory":[{"offset":"BFCF29","on":"BE0000000041397424300F8425E083FF4189842420050000E918E083FF","off":"0000000000000000000000000000000000000000000000000000000000"},{"offset":"43AF56","on":"E9CE1F7C00909090","off":"4189842420050000"}]},{"name":"max mp after used magical skill","type":"checkbox","memory":[{"offset":"BFCF46","on":"BAA0BB0D008993C8050000E97C0884FF","off":"00000000000000000000000000000000"},{"offset":"43D7CC","on":"E975F77B0090","off":"8993C8050000"}]},{"name":"one punch dead","type":"checkbox","memory":[{"offset":"43AEFA","on":"EB55","off":"7855"}]},{"name":"strength inf","type":"checkbox","memory":[{"offset":"43D9CC","on":"909090909090","off":"89936C050000"}]},{"name":"money max after used","type":"checkbox","memory":[{"offset":"C61D88","on":"C7460C7F9698008B460C488D4B01E92DBB5CFF","off":"00000000000000000000000000000000000000"},{"offset":"22D8C1","on":"E9C244A3009090","off":"8B460C488D4B01"}]},{"name":"Growth points zero can work","type":"checkbox","memory":[{"offset":"7C3378","on":"E99E00000090","off":"0F8D9D000000"}]},{"name":"Community contribution max","type":"checkbox","memory":[{"offset":"BFCF56","on":"C780800000007F969800448B8080000000E9F65396FF","off":"00000000000000000000000000000000000000000000"},{"offset":"56235B","on":"E9F6AB69009090","off":"448B8080000000"}]},{"name":"hero level S","type":"checkbox","memory":[{"offset":"BFCF6C","on":"41C7805C010000FFC99A3B418B985C010000E9461963FF","off":"0000000000000000000000000000000000000000000000"},{"offset":"22E8C2","on":"E9A5E69C009090","off":"418B985C010000"}]},{"name":"level 99 after kill one","type":"checkbox","memory":[{"offset":"BFCF83","on":"C74110FFC99A3B8B4910894B0CE9E9EBC5FF","off":"000000000000000000000000000000000000"},{"offset":"85BB78","on":"E906143A0090","off":"8B4910894B0C"}]},{"name":"skill level max","type":"checkbox","memory":[{"offset":"BFCF95","on":"41C78024010000383B0000418B8024010000E9671263FF","off":"0000000000000000000000000000000000000000000000"},{"offset":"22E20C","on":"E984ED9C009090","off":"418B8024010000"}]},{"name":"green bird head money inf","type":"checkbox","memory":[{"offset":"BFCFAC","on":"0F4DC8BA9F860100895720E9E01370FF","off":"00000000000000000000000000000000"},{"offset":"2FE396","on":"E911EC8F0090","off":"0F4DC8895720"}]},{"name":"blue bird head money inf","type":"checkbox","memory":[{"offset":"BFCFBC","on":"410F4CC0B99F860100894F24E9E71370FF","off":"0000000000000000000000000000000000"},{"offset":"2FE3AD","on":"E90AEC8F009090","off":"410F4CC0894F24"}]},{"name":"gold bird head money inf","type":"checkbox","memory":[{"offset":"2FE3A6","on":"41B840420F0090","off":"4181F840420F00"}]}],"credits":["cjwine"]}