{"name":"Far Cry® New Dawn","id":"CUSA13885","version":"01.05","process":"eboot.bin","mods":[{"name":"Bottomless Clip","type":"checkbox","memory":[{"offset":"38F6D12","on":"90909090909090","off":"4589B780010000"}]},{"name":"Infinite Throwables, Medkits, Resources, Ethanol","type":"checkbox","memory":[{"offset":"11E0517","on":"909090","off":"894348"}]},{"name":"Infinite Perk Points","type":"checkbox","memory":[{"offset":"34E0EED","on":"9090909090909090","off":"4529AC24C0000000"}]},{"name":"Max Everything","type":"checkbox","memory":[{"offset":"5FBF800","on":"4429F066C743489F86E90C0D22FB","off":"0000000000000000000000000000"},{"offset":"11E0514","on":"E9E7F2DD0490","off":"4429F0894348"}]}],"credits":["TylerMods+Arafat"]}