{"name":"Control","id":"CUSA11454","version":"01.10","process":"eboot.bin","mods":[{"name":"Ability Points Never Decrease","type":"checkbox","memory":[{"offset":"32A5CB","on":"909090","off":"897740"}]},{"name":"Source Points Increase on Use","type":"checkbox","memory":[{"offset":"605A46","on":"48014138","off":"48294138"}]},{"name":"Materials Increase on Use","type":"checkbox","memory":[{"offset":"638012","on":"015038","off":"894838"}]},{"name":"Infinite Energy","type":"checkbox","memory":[{"offset":"F4AF3","on":"9090909090","off":"C4C17A110E"}]},{"name":"Infinite Ammo","type":"checkbox","memory":[{"offset":"638C2E","on":"9090909090909090","off":"C5FA118790010000"}]}],"credits":["hanakuso"]}