{"name":"Marvel's Avengers","id":"CUSA14026","version":"01.12","process":"eboot.bin","mods":[{"name":"Skills Instant Cooldown","type":"checkbox","memory":[{"offset":"15BB2EF","on":"90909090","off":"488B5DA0"}]},{"name":"Infinite Power focus","type":"checkbox","memory":[{"offset":"155D44C","on":"9090909090909090","off":"478A8C26C8020000"}]},{"name":"max itmes and Resources","type":"checkbox","memory":[{"offset":"10BB3D2","on":"909090","off":"0FB700"}]},{"name":"Infinite skills","type":"checkbox","memory":[{"offset":"167C5B9","on":"909090","off":"89427C"}]}],"credits":["إبراهيم "]}