{"name":"Destroy All Humans!","id":"CUSA14910","version":"01.01","process":"eboot.bin","mods":[{"name":"Fast replenish life","type":"checkbox","memory":[{"offset":"BE5716","on":"9090909090","off":"C5FA104B64"}]},{"name":"Immediately replenish life","type":"checkbox","memory":[{"offset":"BE5744","on":"9090909090","off":"C5FA5945CC"}]},{"name":"Infinity Lightning Ammo","type":"checkbox","memory":[{"offset":"C396E4","on":"9090909090909090","off":"C5FA118784060000"}]},{"name":"Infinity Bullet Ammo","type":"checkbox","memory":[{"offset":"D54530","on":"909090","off":"48890A"}]},{"name":"One Hit Kill","type":"checkbox","memory":[{"offset":"BE5967","on":"9090909090","off":"C5FA1055C4"}]},{"name":"Infinity Jetpack","type":"checkbox","memory":[{"offset":"B952E6","on":"90909090","off":"C5F25CC0"}]},{"name":"Buy without lose Money/Money collect off","type":"checkbox","memory":[{"offset":"D19349","on":"909090909090","off":"89B728050000"}]}],"credits":["Dardan"]}