{"name":"Legrand Legacy Tale of the Fatebounds","id":"CUSA14303","version":"01.06","process":"eboot.bin","mods":[{"name":"Infinite item","type":"checkbox","memory":[{"offset":"152D5B0","on":"8B7424F4BE63000000897718C3","off":"00000000000000000000000000"},{"offset":"805CB56E","on":"E93D20F6809090","off":"8B7424F4897718"}]},{"name":"Infinite Gold","type":"checkbox","memory":[{"offset":"152D5C0","on":"8B7424F4BE99999909897720C3","off":"00000000000000000000000000"},{"offset":"80B2AE7E","on":"E93D27A0809090","off":"8B7424F4897720"}]},{"name":"Exp x4","type":"checkbox","memory":[{"offset":"152D5D0","on":"01F601F689B79C000000C3","off":"0000000000000000000000"},{"offset":"805D2842","on":"E989ADF58090","off":"89B79C000000"}]},{"name":"Exp x16 ","type":"checkbox","memory":[{"offset":"152D5D0","on":"01F601F601F601F689B79C000000C3","off":"000000000000000000000000000000"},{"offset":"805D2842","on":"E989ADF58090","off":"89B79C000000"}]},{"name":"Exp x8","type":"checkbox","memory":[{"offset":"152D5D0","on":"01F601F601F69089B79C000000C3","off":"0000000000000000000000000000"},{"offset":"805D2842","on":"E989ADF58090","off":"89B79C000000"}]},{"name":"Exp x2","type":"checkbox","memory":[{"offset":"152D5D0","on":"01F689B79C000000C3","off":"000000000000000000"},{"offset":"805D2842","on":"E989ADF58090","off":"89B79C000000"}]}],"credits":["Aran"]}