{
    "name": "Far Cry® New Dawn",
    "id": "CUSA13885",
    "version": "01.00",
    "process": "eboot.bin",
    "mods": [
        {
            "name": "Infinite Ammo",
            "type": "checkbox",
            "memory": [
                {
                    "offset": "38DDB62",
                    "on": "90909090909090",
                    "off": "4589B780010000"
                }
            ]
        },
        {
            "name": "Infinite Throwables,resources,medkits,ethanol",
            "type": "checkbox",
            "memory": [
                {
                    "offset": "11DC9C7",
                    "on": "909090",
                    "off": "894348"
                }
            ]
        },
        {
            "name": "Gives everything 16959 except perk points",
            "type": "checkbox",
            "memory": [
                {
                    "offset": "5F9F800",
                    "on": "4429F066C743483F42E9BCD123FB",
                    "off": "0000000000000000000000000000"
                },
                {
                    "offset": "11DC9C4",
                    "on": "E9372EDC0490",
                    "off": "4429F0894348"
                }
            ]
        },
        {
            "name": "Infinite Perk Points",
            "type": "checkbox",
            "memory": [
                {
                    "offset": "34ABABD",
                    "on": "9090909090909090",
                    "off": "4529AC24C0000000"
                }
            ]
        }
    ],
    "credits": [
        "Arafat"
    ]
}