{"name":"Sekiro™: Shadows Die Twice","id":"CUSA13801","version":"1.04","process":"eboot.bin","mods":[{"name":"Max money","type":"checkbox","memory":[{"offset":"38A7800","on":"4189D641C7457CFFE0F505E92BAAAEFD","off":"00000000000000000000000000000000"},{"offset":"1392234","on":"E9C75551029090","off":"4189D64189557C"}]},{"name":"Multipler Skill Point(EXP) After Get","type":"checkbox","memory":[{"offset":"19A0481","on":"41898D62010000","off":"418B8D60010000"}]},{"name":"Infinite Health","type":"checkbox","memory":[{"offset":"199F964","on":"898830010000","off":"8B8830010000"}]}],"credits":["IMnoob"]}