{"name":"Samurai Jack: Battle Through Time","id":"CUSA16289","version":"01.00","process":"eboot.bin","mods":[{"name":"Coins Multiplier","type":"checkbox","memory":[{"offset":"16BEAD6","on":"0191BC030000","off":"8991BC030000"}]},{"name":"Skill Fire Multiplier","type":"checkbox","memory":[{"offset":"1581502","on":"0183C0030000","off":"2983C0030000"}]},{"name":"Bushido Spirit Points Multiplier","type":"checkbox","memory":[{"offset":"158150B","on":"0183C4030000","off":"2983C4030000"}]},{"name":"Infinite Throwables","type":"checkbox","memory":[{"offset":"1600665","on":"90909090909090","off":"418987F8000000"}]}],"credits":["Wander"]}