{"name":"THE LAST REMNANT Remastered","id":"CUSA11846","version":"01.03","process":"eboot.bin","mods":[{"name":"Instant Max Morale","type":"checkbox","memory":[{"offset":"42F6FC9","on":"488B80B02D000066C7401CE8038B481CE9524F27FE","off":"000000000000000000000000000000000000000000"},{"offset":"256BF26","on":"E99EB0D8019090909090","off":"488B80B02D00008B481C"}]},{"name":"Max Chain","type":"checkbox","memory":[{"offset":"42F7069","on":"E80C4A33FEB80F270000894348E95D0727FE","off":"000000000000000000000000000000000000"},{"offset":"25677D0","on":"E994F8D801909090","off":"E8AB420C00894348"}]},{"name":"Infinite DIGS ","type":"checkbox","memory":[{"offset":"271CACA","on":"909090909090","off":"89B7580B0000"}]},{"name":"Infinite Timeshift | Press R2 To Shift Back To Normal","type":"checkbox","memory":[{"offset":"42F703D","on":"C783900A000000007E4EC5FA1083900A0000E96F7750FE","off":"0000000000000000000000000000000000000000000000"},{"offset":"27FE7BB","on":"E97D88AF01909090","off":"C5FA1183900A0000"}]},{"name":"Infinite Gold","type":"checkbox","memory":[{"offset":"25F4AA5","on":"9090","off":"8932"}]},{"name":"Max Gold On Buy","type":"checkbox","memory":[{"offset":"42F6F90","on":"BEFFE0F5054889E58932E908DB2FFE","off":"000000000000000000000000000000"},{"offset":"25F4AA2","on":"E9E924D001","off":"4889E58932"}]},{"name":"Inf Items| On Sell Or Use","type":"checkbox","memory":[{"offset":"25CFE40","on":"90909090","off":"88540804"}]},{"name":"Max+ Inf Items/Components/Captured | On Sell Or Use","type":"checkbox","memory":[{"offset":"42F7056","on":"B2630F87238E2DFE88540804E9DD8D2DFE","off":"0000000000000000000000000000000000"},{"offset":"25CFE3E","on":"E91372D20190","off":"774188540804"}]},{"name":"Unlock All Consumables/Components/Captures/Special Items","type":"checkbox","memory":[{"offset":"42F6FB0","on":"6641C7460464006641837E0400E97F9036FE","off":"000000000000000000000000000000000000"},{"offset":"266003C","on":"E96F6FC901","off":"41807E0400"}]},{"name":"Max Items On Buy","type":"checkbox","memory":[{"offset":"42F6FA1","on":"41B4644488643B04E90D4A2DFE","off":"00000000000000000000000000"},{"offset":"25CB9B6","on":"E9E6B5D201","off":"4488643B04"}]},{"name":"Boost Strength| Change Accessory","type":"checkbox","memory":[{"offset":"42F6FEE","on":"41C7453C90010000C4C17A10453CE972EC8EFE","off":"00000000000000000000000000000000000000"},{"offset":"2BE5C6D","on":"E97C13710190","off":"C4C1796E453C"}]},{"name":"Boost DEF | Change Weapon ","type":"checkbox","memory":[{"offset":"42F7003","on":"41B79044887C3818E948BA34FE","off":"00000000000000000000000000"},{"offset":"2642A53","on":"E9AB45CB01","off":"44887C3818"}]},{"name":"Boost ATK Main Hand| Change Weapon ","type":"checkbox","memory":[{"offset":"42F6FDF","on":"41B19044884C380CE962BA34FE","off":"00000000000000000000000000"},{"offset":"2642A49","on":"E99145CB01","off":"44884C380C"}]},{"name":"Boost ATK 2 Main Hand| Change Weapon ","type":"checkbox","memory":[{"offset":"42F7012","on":"66C744380A90010FB754380AE991B934FE","off":"0000000000000000000000000000000000"},{"offset":"26429AF","on":"E95E46CB01","off":"0FBF54380A"}]},{"name":"Max Off Hand ATK","type":"checkbox","memory":[{"offset":"42F7025","on":"6641C78574020000E803418B9574020000E91A518FFE","off":"00000000000000000000000000000000000000000000"},{"offset":"2BEC14E","on":"E9D2AE70019090","off":"418B9574020000"}]},{"name":"Wizardry Mode|First Person View| Press Down Button ","type":"checkbox","memory":[{"offset":"42F707D","on":"C7432C57040000C5FA10432CE940F04FFE","off":"0000000000000000000000000000000000"},{"offset":"27F60C9","on":"E9AF0FB001","off":"C5FA11432C"}]},{"name":"Enhanced Field Of View | Press Down/UP Button","type":"checkbox","memory":[{"offset":"42F7090","on":"C7432C00C09844C5FA10432CE92DF04FFE","off":"0000000000000000000000000000000000"},{"offset":"27F60C9","on":"E9C20FB001","off":"C5FA11432C"}]}],"credits":["GamerX2"]}