{"name":"Watch Dogs®: Legion","id":"CUSA13115","version":"1.02","process":"eboot.bin","mods":[{"name":"God Mod","type":"checkbox","memory":[{"offset":"85E3D62","on":"4883F91D750FC5FA104720C5FA114718E98EB3EDF7C5FA104718E984B3EDF7","off":"00000000000000000000000000000000000000000000000000000000000000"},{"offset":"4BF100","on":"E95D4C1208","off":"C5FA104718"}]},{"name":"Infinite Ammo","type":"checkbox","memory":[{"offset":"1809663","on":"8B5110","off":"895110"}]},{"name":"No Reload","type":"checkbox","memory":[{"offset":"85E3DBA","on":"BA63000000899010010000E9827024F9","off":"00000000000000000000000000000000"},{"offset":"182AE46","on":"E96F8FDB0690","off":"8B9010010000"}]},{"name":"Money increase on Spend","type":"checkbox","memory":[{"offset":"85E3E13","on":"817F20FFC99A3B7D0E0377208977204989FCE9FC817AF9897720E9F4817AF9","off":"00000000000000000000000000000000000000000000000000000000000000"},{"offset":"1D8C020","on":"E9EE7D850690","off":"8977204989FC"}]},{"name":"Max Tech Points on Spend","type":"checkbox","memory":[{"offset":"85E3E32","on":"BEFFC99A3B89772C4889FBE9488A7AF9","off":"00000000000000000000000000000000"},{"offset":"1D8C884","on":"E9A975850690","off":"89772C4889FB"}]},{"name":"Infinite Hack","type":"checkbox","memory":[{"offset":"1D7BD24","on":"909090","off":"49891E"}]},{"name":"No Gadget Cooldown","type":"checkbox","memory":[{"offset":"10C3F58","on":"C5FA11530C","off":"C5FA11430C"},{"offset":"10CDCB9","on":"C5FA11500C","off":"C5FA11400C"}]}],"credits":["ADI"]}