{
    "name": "Middle-earth™: Shadow of War™",
    "id": "CUSA04402",
    "version": "01.18",
    "process": "eboot.bin",
    "mods": [
        {
            "name": "Max and infinite arrow",
            "type": "checkbox",
            "memory": [
                {
                    "offset": "E25E88",
                    "on": "898388000000",
                    "off": "89B388000000"
                }
            ]
        },
        {
            "name": "infinite Gem and Mirian",
            "type": "checkbox",
            "memory": [
                {
                    "offset": "17D30BB",
                    "on": "8B4320",
                    "off": "894320"
                }
            ]
        },
        {
            "name": "infinite Focus",
            "type": "checkbox",
            "memory": [
                {
                    "offset": "EFA300",
                    "on": "90909090",
                    "off": "C5FA59C1"
                }
            ]
        },
        {
            "name": "infinite might",
            "type": "checkbox",
            "memory": [
                {
                    "offset": "111F633",
                    "on": "9090909090909090",
                    "off": "C5F0540D55F28D01"
                }
            ]
        },
        {
            "name": "infinite  wrath",
            "type": "checkbox",
            "memory": [
                {
                    "offset": "112DB9D",
                    "on": "90909090",
                    "off": "C5E857D2"
                }
            ]
        },
        {
            "name": "infinite health",
            "type": "checkbox",
            "memory": [
                {
                    "offset": "2F0B800",
                    "on": "C4C17A118EF4010000E9A23FACFD",
                    "off": "0000000000000000000000000000"
                },
                {
                    "offset": "9CF7A7",
                    "on": "E954C0530290909090",
                    "off": "C4C17A1186F4010000"
                }
            ]
        }
    ],
    "credits": [
        "Muhanned + gokusuper"
    ]
}