{"name":"Immortals Fenyx Rising ™","id":"CUSA16345","version":"01.34","process":"eboot.bin","mods":[{"name":"Infinite Potions/Arrows","type":"checkbox","memory":[{"offset":"37B350D","on":"90909090","off":"418946F8"}]},{"name":"Fruits/Upgrade Materials Multiplier (On Gain)","type":"checkbox","memory":[{"offset":"37B2D71","on":"0110","off":"8910"}]},{"name":"Infinite Stamina","type":"checkbox","memory":[{"offset":"3220686","on":"909090909090909090","off":"C4C17A1185D0010000"}]}],"credits":["Wander"]}