{
    "name": "Dragon's Crown Pro",
    "id": "CUSA10454",
    "version": "01.00",
    "process": "eboot.bin",
    "mods": [
        {
            "name": "High Score",
            "type": "checkbox",
            "memory": [
                {
                    "offset": "47B229",
                    "on": "44018780000000",
                    "off": "44898780000000"
                }
            ]
        },
        {
            "name": "Double Money",
            "type": "checkbox",
            "memory": [
                {
                    "offset": "52E0B3",
                    "on": "41018C2438F20A00",
                    "off": "41898C2438F20A00"
                }
            ]
        },
        {
            "name": "Infinite Money",
            "type": "checkbox",
            "memory": [
                {
                    "offset": "52E0B3",
                    "on": "9090909090909090",
                    "off": "41898C2438F20A00"
                }
            ]
        }
    ],
    "credits": [
        "squall3032"
    ]
}