{"name":"Hollow Knight","id":"CUSA13285","version":"01.02","process":"eboot.bin","mods":[{"name":"Inf HP","type":"checkbox","memory":[{"offset":"1567DD0","on":"89C1C1F91F418B4630E96BC4C87E","off":"0000000000000000000000000000"},{"offset":"801F4244","on":"E9873B3781","off":"89C1C1F91F"}]},{"name":"Max Geo's","type":"checkbox","memory":[{"offset":"1567E40","on":"BFFFFF0000897960E942089F7E","off":"00000000000000000000000000"},{"offset":"7FF58689","on":"E9B2F7608190","off":"0F4CFA897960"}]}],"credits":["Saso"]}